EMAIL;NAME
jessicab@marketplaceevents.com;CENTRAL KENTUCKY HOME & GARDEN SHOW
info@homeshowcenter.com;COLUMBUS HOME IMPROVEMENT SHOW
salonexpobruno@gmail.com;EROTIC ALBI
info@citevents.fr;FOIRE EXPO DU PAYS DE MONTB?LIARD
irene.demore@gl-events.com;FOIRE INTERNATIONALE DE LYON
info@forst-live.de;FORST LIVE SUED
Linda.Thompson@comexposium.com;FRANCHISE EXPO WEST
info@koelnmesse.de;H+H COLOGNE
steve.oloughlin@reedexpo.co.uk;ILTM AFRICA
stefania@io-creo.it;IO-CREO
info@sajam.net;NOVI SAD BOOK FAIR
info@eliteexpo.com.my;MIJF - MALAYSIA INTERNATIONAL JEWELLERY FAIR
info@nadel-welt.de;NADELWELT KARLSRUHE
e.verries@officielnet.com;SADECC
info@exposalao.pt;EXPOMOTO - PORTO
info@firabarcelona.com;SAL? INTERNACIONAL DEL C?MIC DE BARCELONA
info@l-e-o.fr;SALON DE L'HABITAT D'ANGOUL?ME
manifestations@vigneron-independant.com;SALON DES VINS DES VIGNERONS IND?PENDANTS - MANDELIEU
contact@siit-suisse.ch;SIIT-SUISSE
info@continuumevents.ca;SPRING HOME & GARDEN SHOW
info@tendances.fr;TENDANCES CR?ATIVES - MONTPELLIER
info@wm.de;WM WERKSTATTMESSE - STUTTGART
candidate@accessmba.com;ACCESS MBA - DUBAI
coutat@advent-communication.net;ACCESS MBA - MEDELLIN
service@gzhw.com;ADE - ASIAN DAIRY EXPO
info@adma.com.au;ADMA GLOBAL FORUM
contact@agrideiz.com;AGRI DEIZ
agritechjapan-eng@reedexpo.co.jp;AGRI WORLD
info@pyramidsfair.com;ALGERIA FASHION & TEX
dlapuerta@alimentaria.com;ALIMENTARIA & HOREXPO LISBOA
info@tnf.com.ua;ALLTEX - THE WORLD OF TEXTILE
info@etra-eu.org;ANNUAL EUROPEAN CONFERENCE ON TYRE RECYCLING
ifa@ifavirtual.com;ANTIC AUTO ALICANTE
kontakt@messe-sindelfingen.de;ARTE
pack@kmkya.kiev.ua;BAKERY & CONFECTIONERY INDUSTRY
visitor@baselworld.com;BASELWORLD
batimat@mediaglobe.ru ;BATIMAT RUSSIA
contact@standing-events.com;BEAUT? S?LECTION - NANTES
ivana.roberts@reedexhibitions.com.au;BEAUTY EXPO MELBOURNE
info@cnrexpo.com;BEDDING WORLD
salespremiereligne@gmail.com;BIG ASIA ENJOY
medexpo@biexpo.kg;BIMTE
cbeckman@bio.org;BIO ASIA INTERNATIONAL
tdv@restec.ru;BIOFUEL CONGRESS - BIOENERGY CONGRESS
office@salonulnauticbucuresti.ro;BUCHAREST INTERNATIONAL BOAT SHOW
event@minskexpo.com;CLOTHING, FOOTWEAR, TEXTILES
info@ttfintl.com;BUS&TRUCK EXPO
ksrs@yubc.net;CACIB - INTERNATIONAL DOG SHOW
vilma.fraguada@goodsam.com;CENTRAL ILLINOIS RV SHOW - PEORIA
boletos@cervefest.com.mx;CERVEFEST M?XICO
info@clothingtextilesfair.com;CFT - CLOTHING TEXTILE FAIR ASIA - LAHORE
sinoshow@vip.163.com;CHINA INTERNATIONAL FISHERIES EXPO
info@vtexpo.com.cn;CIBF - CHINA INTERNATIONAL BATTERY FAIR
cieet@reliable.org.cn;CIEET CHENGDU
Mike@MKShows.com;COLUMBIA GUN & KNIFE SHOW
info@expouav.com;COMMERCIAL UAV EXPO EUROPE
info@tarsus.co.uk;COTTM
expo@pem.com.ua;DACHA + SAUNA EXPO
info@mtexpos.com;DESTINATION HABITAT - ALBERTVILLE
info@ecgateway.net;DIGITAL SIGNAGE & PRINTING ASIA
info@svkexpo.ru;EDUCATIONAL SIBERIA
feiras@messebrasil.com.br;ELETROMETAL MEC?NICA
zv@zv.hr;ENERGETIKA - INTERKLIMA
sales@pyramidsfair.com;ERBIL AUTOSHOW
info@estampa.org;ESTAMPA
info@exporadioelettronica.it;EXPO ELETTRONICA - BASTIA UMBRA
info@euroexpo.ro;EXPOPLAST
info@farbtex.de;FARBTEX HAUSMESSE
info@expokazan.ru;FASHION & STYLE. KAZAN
fi@farexpo.ru;FASHION INDUSTRY
fashionista@fashionistaindia.com;FASHIONISTA LIFESTYLE EXHIBITION - HUBLI
festivalruedeslivres@orange.fr;FESTIVAL RUE DES LIVRES
sanghoon.han@reedkfairs.com;FILM TECHNOLOGY SHOW
salonedellostudente@class.it;IL SALONE DELLO STUDENTE - PALERMO
contact@etudiant.ma;FORUM DE L’ETUDIANT DE LA FORMATION ET DE L’EMPLOI - GUELMIM
bmcloughlin@bmg1.com;FREDERICKSBURG HOME & GARDEN SHOW
office@alexpo.co.rs;FRUVEG EXPO BALKAN
info@gartenfestivals.de;GARTEN FESTIVAL - GIESSEN
anne@premiereevents.com.au;GERALDTON CARAVAN, CAMPING & LEISURE SHOW
info@virgo-comm.com;GLE EXPO
accueil.megacite@megacite.fr;GRAND RENDEZ-VOUS CHASSE, P?CHE ET CHEVAL EN SOMME
info@tampereenmessut.fi;GREENTEC TAMPEREEN
info@a2echina.com;GUANGZHOU INTERNATIONAL AUTOMOTIVE AIR-CONDITIONING & EQUIPMENT EXHIBITION
haus@ortec.de;HAUS
heritagearms@gmail.com;HERITAGE GUN SHOW CUYAHOGA
contact@foire-sfax.com.tn;TENDANCE
lisa.moi@m10star.com;HOME DESIGN SHOW
hometextiles_gd@163.com;HOME FURNISHING EXPO SHENZHEN
info@messe-stuttgart.com.tr;IBATECH ISTANBUL
info@wes-expo.com.cn;IBCTF - INTERNATIONAL BUILDING & CONSTRUCTION TRADE FAIR
prod@kmkya.kiev.ua;IFFIP - INTERNATIONAL FORUM OF FOOD INDUSTRY AND PACKAGING
hongkong@eurovet.fr;INTERFILI?RE HONG KONG - MODE LINGERIE
ndko@esgroup.net;INTERIOR DESIGN KOREA
intermed@mvk.ru;INTERMED
Info@candcexpo.com;INTERNATIONAL COFFEE & CHOCOLATE EXHIBITION
info@ielpe.com;INTERNATIONAL EMIGRATION & LUXURY PROPERTY EXPO - ALMATY
sales@iffs.com.sg;INTERNATIONAL FURNITURE FAIR SINGAPORE (IFFS)
sales.iotasia@singex.com;IOT ASIA
salon.int.mi.plovdiv@gbg.bg;ITALIAN FESTIVAL OF BEAUTY AND HAIR-STYLE
htr@zhenweiexpo.com;ITE CHINA
;
;
;
;
;
;
;
;
;
;
;
;
;
;
;
;
